Timestamp,Temperature_C,Current_mA,RAM_Free_MB,Audio_State
23:48:07,35.3,-627,70% (3392 MB free),0
23:48:08,35.3,-627,69% (3417 MB free),0
23:48:09,35.3,-627,70% (3405 MB free),0
23:48:09,35.3,-627,70% (3404 MB free),0
23:48:10,35.3,-432,70% (3401 MB free),0
23:48:11,35.3,-459,70% (3402 MB free),0
23:48:12,35.3,-515,69% (3432 MB free),0
23:48:13,35.3,-113,69% (3409 MB free),0
23:48:14,35.3,-63,69% (3418 MB free),0
23:48:15,35.3,-9,69% (3419 MB free),0
23:48:16,35.3,-710,69% (3448 MB free),0
23:48:17,35.3,-733,68% (3561 MB free),0
23:48:17,35.3,-733,68% (3554 MB free),0
23:48:18,35.3,-770,68% (3542 MB free),0
23:48:19,35.3,-770,69% (3515 MB free),0
23:48:19,35.3,-756,69% (3505 MB free),0
23:48:20,35.3,-844,69% (3495 MB free),0
23:48:20,35.3,-844,69% (3491 MB free),0
23:48:21,35.3,-823,69% (3490 MB free),0
23:48:22,35.3,-823,69% (3490 MB free),0
23:48:22,35.3,-893,69% (3492 MB free),0
23:48:23,35.3,-823,69% (3491 MB free),0
23:48:23,35.3,-823,69% (3483 MB free),0
23:48:24,35.3,-836,69% (3479 MB free),0
23:48:25,35.3,-836,69% (3479 MB free),0
23:48:25,35.3,-890,69% (3479 MB free),0
23:48:26,35.3,-975,69% (3486 MB free),0
23:48:27,35.3,-975,69% (3487 MB free),0
23:48:27,35.3,-957,69% (3487 MB free),0
23:48:28,35.3,-957,69% (3487 MB free),0
23:48:28,35.3,-962,69% (3490 MB free),0
23:48:29,35.3,-946,69% (3490 MB free),0
23:48:30,35.3,-946,69% (3490 MB free),0
23:48:30,35.3,-980,69% (3489 MB free),0
23:48:31,35.3,-901,69% (3485 MB free),0
23:48:31,35.3,-901,69% (3482 MB free),0
23:48:32,35.3,-882,69% (3482 MB free),0
23:48:33,35.3,-882,69% (3472 MB free),0
23:48:33,35.3,-952,69% (3459 MB free),0
23:48:34,35.3,-828,69% (3461 MB free),0
23:48:35,35.3,-828,69% (3461 MB free),0
23:48:35,35.3,-958,69% (3461 MB free),0
23:48:36,35.3,-958,69% (3461 MB free),0
23:48:36,35.3,-950,69% (3461 MB free),0
23:48:37,35.3,-914,69% (3460 MB free),0
23:48:38,35.3,-914,69% (3459 MB free),0
23:48:38,35.3,-918,69% (3457 MB free),0
23:48:39,35.3,-918,69% (3457 MB free),0
23:48:39,35.3,-936,69% (3458 MB free),0
23:48:40,35.3,-898,69% (3457 MB free),0
23:48:41,35.3,-898,69% (3457 MB free),0
23:48:41,35.3,-885,69% (3457 MB free),0
23:48:42,35.3,-906,69% (3456 MB free),0
23:48:43,35.3,-906,69% (3455 MB free),0
23:48:43,35.3,-960,69% (3456 MB free),0
23:48:44,35.3,-960,69% (3456 MB free),0
23:48:44,35.3,-915,69% (3456 MB free),0
23:48:45,35.3,-940,69% (3456 MB free),0
23:48:46,35.3,-940,69% (3456 MB free),0
23:48:46,35.3,-961,69% (3457 MB free),0
23:48:47,35.3,-961,69% (3457 MB free),0
23:48:47,35.3,-964,69% (3456 MB free),0
23:48:48,35.3,-941,69% (3457 MB free),0
23:48:49,35.3,-941,69% (3457 MB free),0
23:48:49,35.3,-959,69% (3457 MB free),0
23:48:50,35.3,-959,69% (3457 MB free),0
23:48:51,35.3,-966,69% (3457 MB free),0
23:48:51,35.3,-947,69% (3457 MB free),0
23:48:52,35.3,-947,69% (3456 MB free),0
23:48:52,35.3,-924,69% (3455 MB free),0
23:48:53,35.3,-926,69% (3453 MB free),0
23:48:54,35.3,-926,69% (3453 MB free),0
23:48:54,35.3,-903,69% (3452 MB free),0
23:48:55,35.3,-903,69% (3452 MB free),0
23:48:55,35.3,-943,69% (3452 MB free),0
23:48:56,35.3,-949,69% (3453 MB free),0
23:48:57,35.3,-949,69% (3452 MB free),0
23:48:57,35.3,-952,69% (3464 MB free),0
23:48:58,35.3,-952,69% (3462 MB free),0
23:48:59,35.3,-939,69% (3462 MB free),0
23:48:59,35.3,-958,69% (3462 MB free),0
23:49:00,35.3,-958,69% (3462 MB free),0
23:49:00,35.3,-990,69% (3462 MB free),0
23:49:01,35.3,-990,69% (3460 MB free),0
23:49:02,35.3,-985,69% (3460 MB free),0
23:49:02,35.3,-993,69% (3460 MB free),0
23:49:03,35.3,-993,69% (3460 MB free),0
23:49:03,35.3,-979,69% (3457 MB free),0
23:49:04,35.3,-910,69% (3493 MB free),0
23:49:05,35.3,-910,69% (3493 MB free),0
23:49:05,35.3,-985,69% (3492 MB free),0
23:49:06,35.3,-985,69% (3492 MB free),0
23:49:07,35.3,-945,69% (3491 MB free),0
23:49:07,35.3,-984,69% (3488 MB free),0
23:49:08,35.3,-984,69% (3488 MB free),0
23:49:08,35.3,-960,69% (3488 MB free),0
23:49:09,35.3,-960,69% (3488 MB free),0
23:49:10,35.3,-964,69% (3488 MB free),0
23:49:10,35.3,-981,69% (3485 MB free),0
23:49:11,35.3,-981,69% (3485 MB free),0
23:49:11,35.3,-994,69% (3481 MB free),0
23:49:12,35.3,-994,69% (3481 MB free),0
23:49:13,35.3,-952,69% (3482 MB free),0
23:49:13,35.3,-963,69% (3481 MB free),0
23:49:14,35.4,-963,69% (3480 MB free),0
23:49:15,35.4,-971,69% (3480 MB free),0
23:49:15,35.4,-966,69% (3480 MB free),0
23:49:16,35.4,-966,69% (3480 MB free),0
23:49:16,35.4,-990,69% (3479 MB free),0
23:49:17,35.4,-990,69% (3479 MB free),0
23:49:18,35.4,-989,69% (3479 MB free),0
23:49:18,35.4,-974,69% (3479 MB free),0
23:49:19,35.4,-974,69% (3471 MB free),0
23:49:19,35.4,-633,69% (3470 MB free),0
23:49:20,35.4,-633,69% (3468 MB free),0
23:49:21,35.4,-886,69% (3468 MB free),0
23:49:21,35.4,-936,69% (3463 MB free),0
23:49:22,35.4,-936,69% (3458 MB free),0
23:49:23,35.4,-896,69% (3452 MB free),0
23:49:23,35.4,-896,69% (3452 MB free),0
23:49:24,35.4,-947,69% (3452 MB free),0
23:49:24,35.4,-962,69% (3452 MB free),0
23:49:25,35.4,-962,69% (3452 MB free),0
23:49:26,35.4,-980,69% (3452 MB free),0
23:49:26,35.4,-968,69% (3452 MB free),0
23:49:27,35.4,-968,69% (3452 MB free),0
23:49:27,35.4,-944,69% (3452 MB free),0
23:49:28,35.4,-944,69% (3452 MB free),0
23:49:29,35.4,-912,69% (3452 MB free),0
23:49:29,35.4,-930,69% (3484 MB free),0
