Timestamp,Temperature_C,Current_mA,RAM_Free_MB
00:15:16,32.2,471,62% (4209 MB free)
00:15:17,32.2,202,63% (4202 MB free)
00:15:18,32.2,840,63% (4200 MB free)
00:15:19,32.2,835,63% (4199 MB free)
00:15:20,32.2,794,63% (4197 MB free)
00:15:21,32.2,790,63% (4196 MB free)
00:15:22,32.2,841,63% (4196 MB free)
00:15:23,32.2,828,63% (4196 MB free)
00:15:24,32.2,828,63% (4195 MB free)
00:15:25,32.2,821,63% (4195 MB free)
00:15:26,32.2,818,63% (4195 MB free)
00:15:27,32.2,836,63% (4195 MB free)
00:15:28,32.2,790,62% (4230 MB free)
00:15:29,32.2,712,62% (4224 MB free)
00:15:30,32.2,757,62% (4222 MB free)
00:15:31,32.2,691,62% (4243 MB free)
00:15:32,32.2,615,62% (4260 MB free)
00:15:33,32.2,731,62% (4256 MB free)
00:15:34,32.2,761,62% (4276 MB free)
00:15:35,32.2,728,62% (4275 MB free)
00:15:36,32.2,835,62% (4275 MB free)
00:15:37,32.2,808,62% (4274 MB free)
00:15:38,32.2,835,62% (4273 MB free)
00:15:39,32.2,847,62% (4273 MB free)
00:15:40,32.2,841,62% (4272 MB free)
00:15:41,32.2,846,62% (4272 MB free)
00:15:42,32.2,857,62% (4272 MB free)
00:15:43,32.2,866,62% (4272 MB free)
00:15:44,32.2,827,62% (4271 MB free)
00:15:45,32.2,853,62% (4271 MB free)
00:15:46,32.2,869,62% (4271 MB free)
00:15:47,32.2,800,62% (4271 MB free)
00:15:48,32.2,821,62% (4271 MB free)
00:15:49,32.2,852,62% (4271 MB free)
00:15:50,32.2,838,62% (4271 MB free)
00:15:51,32.2,836,62% (4271 MB free)
00:15:52,32.2,832,62% (4271 MB free)
00:15:53,32.2,807,62% (4271 MB free)
00:15:54,32.2,849,62% (4271 MB free)
00:15:55,32.2,873,62% (4271 MB free)
00:15:56,32.2,802,62% (4271 MB free)
00:15:57,32.2,796,62% (4272 MB free)
00:15:58,32.2,785,62% (4264 MB free)
00:16:00,32.2,14,61% (4395 MB free)
00:16:01,32.2,148,61% (4403 MB free)
00:16:02,32.2,124,61% (4393 MB free)
00:16:03,32.2,326,61% (4396 MB free)
00:16:04,32.2,435,61% (4395 MB free)
00:16:05,32.2,441,61% (4401 MB free)
00:16:06,32.2,459,61% (4400 MB free)
00:16:07,31.9,479,61% (4398 MB free)
00:16:08,31.9,602,61% (4397 MB free)
00:16:09,31.9,493,61% (4396 MB free)
00:16:10,31.9,500,61% (4393 MB free)
00:16:11,31.9,538,61% (4391 MB free)
00:16:12,32.0,535,61% (4390 MB free)
00:16:13,32.0,505,61% (4388 MB free)
00:16:14,32.0,496,61% (4385 MB free)
00:16:15,32.0,520,61% (4383 MB free)
00:16:16,32.0,430,61% (4382 MB free)
00:16:17,32.0,493,61% (4380 MB free)
00:16:18,32.0,509,61% (4379 MB free)
00:16:19,32.0,501,61% (4379 MB free)
00:16:20,32.0,554,61% (4377 MB free)
00:16:21,32.0,519,61% (4374 MB free)
00:16:22,32.0,524,61% (4377 MB free)
00:16:23,32.0,529,61% (4376 MB free)
00:16:24,32.0,480,61% (4374 MB free)
00:16:25,32.0,507,61% (4371 MB free)
00:16:26,32.0,553,61% (4366 MB free)
00:16:27,32.0,450,61% (4362 MB free)
00:16:28,32.0,522,61% (4360 MB free)
00:16:29,32.0,600,61% (4359 MB free)
00:16:30,32.0,551,61% (4358 MB free)
00:16:31,32.0,555,61% (4362 MB free)
00:16:32,32.0,497,61% (4360 MB free)
00:16:33,32.0,503,61% (4358 MB free)
00:16:34,32.0,512,61% (4363 MB free)
00:16:35,32.0,442,61% (4368 MB free)
00:16:36,32.0,525,61% (4367 MB free)
00:16:37,32.0,502,61% (4365 MB free)
00:16:38,32.0,557,61% (4363 MB free)
00:16:39,32.0,510,61% (4358 MB free)
00:16:40,32.0,411,61% (4354 MB free)
00:16:41,32.0,507,61% (4353 MB free)
00:16:42,32.0,575,61% (4351 MB free)
00:16:43,32.0,527,61% (4349 MB free)
00:16:44,32.0,593,61% (4416 MB free)
00:16:45,32.0,492,61% (4414 MB free)
00:16:46,32.0,476,61% (4395 MB free)
00:16:47,32.0,460,61% (4394 MB free)
00:16:48,32.0,567,61% (4392 MB free)
00:16:49,32.0,499,61% (4390 MB free)
00:16:50,32.0,474,61% (4396 MB free)
00:16:51,32.0,486,61% (4393 MB free)
00:16:52,32.0,479,61% (4391 MB free)
00:16:53,32.0,601,61% (4389 MB free)
00:16:54,32.0,509,61% (4396 MB free)
00:16:55,32.0,545,61% (4395 MB free)
00:16:56,32.0,528,61% (4385 MB free)
00:16:57,32.0,277,61% (4358 MB free)
00:16:58,32.0,448,61% (4363 MB free)
00:16:59,32.0,519,61% (4327 MB free)
00:17:00,32.0,364,61% (4323 MB free)
00:17:01,32.0,325,61% (4320 MB free)
00:17:02,32.0,365,61% (4319 MB free)
00:17:03,32.0,516,62% (4314 MB free)
00:17:04,32.0,492,61% (4345 MB free)
00:17:05,32.0,101,61% (4321 MB free)
00:17:06,32.0,120,62% (4310 MB free)
00:17:07,32.0,382,62% (4297 MB free)
00:17:08,32.0,8,62% (4290 MB free)
00:17:10,32.0,288,62% (4276 MB free)
00:17:11,32.0,75,61% (4318 MB free)
00:17:12,32.0,97,62% (4293 MB free)
00:17:13,32.0,124,62% (4290 MB free)
00:17:14,32.0,433,62% (4280 MB free)
00:17:15,32.0,180,62% (4274 MB free)
00:17:16,32.0,394,61% (4374 MB free)
00:17:17,32.0,526,61% (4380 MB free)
00:17:18,32.0,146,61% (4383 MB free)
00:17:19,32.0,373,61% (4378 MB free)
00:17:20,32.0,415,61% (4376 MB free)
00:17:21,32.0,456,61% (4375 MB free)
00:17:22,32.0,474,61% (4369 MB free)
00:17:23,32.0,258,61% (4366 MB free)
00:17:24,32.0,270,61% (4364 MB free)
00:17:25,32.0,295,61% (4362 MB free)
00:17:26,32.0,136,61% (4357 MB free)
00:17:27,32.0,9,61% (4353 MB free)
00:17:28,32.0,187,61% (4336 MB free)
00:17:29,32.0,136,61% (4329 MB free)
00:17:30,32.0,238,62% (4315 MB free)
00:17:31,32.0,44,62% (4289 MB free)
00:17:32,32.0,7,62% (4286 MB free)
00:17:33,32.0,376,62% (4285 MB free)
00:17:34,32.0,388,62% (4276 MB free)
00:17:35,32.0,453,62% (4273 MB free)
00:17:36,32.0,454,62% (4270 MB free)
00:17:37,32.0,268,61% (4322 MB free)
00:17:38,32.0,483,61% (4321 MB free)
00:17:39,32.0,481,61% (4324 MB free)
00:17:40,32.0,308,61% (4320 MB free)
00:17:41,32.0,470,62% (4315 MB free)
00:17:42,32.0,496,61% (4318 MB free)
00:17:43,32.3,283,62% (4310 MB free)
00:17:44,32.3,413,62% (4293 MB free)
00:17:45,32.3,245,62% (4288 MB free)
00:17:46,32.3,359,62% (4285 MB free)
00:17:47,32.3,427,62% (4284 MB free)
00:17:48,32.3,432,62% (4282 MB free)
00:17:49,32.3,425,61% (4329 MB free)
00:17:50,32.3,428,61% (4328 MB free)
00:17:51,32.3,453,61% (4320 MB free)
00:17:52,32.3,372,61% (4316 MB free)
00:17:53,32.3,383,62% (4310 MB free)
00:17:54,32.3,500,62% (4304 MB free)
00:17:55,32.3,118,62% (4272 MB free)
00:17:56,32.3,12,62% (4265 MB free)
00:17:57,32.3,73,62% (4282 MB free)
00:17:58,32.3,276,62% (4243 MB free)
00:17:59,32.3,474,62% (4235 MB free)
00:18:00,32.3,412,62% (4233 MB free)
00:18:01,32.3,508,62% (4230 MB free)
00:18:02,32.3,400,62% (4250 MB free)
00:18:03,32.3,413,62% (4249 MB free)
00:18:04,32.3,489,62% (4256 MB free)
00:18:05,32.3,475,62% (4251 MB free)
00:18:06,32.3,508,62% (4259 MB free)
00:18:07,32.3,504,61% (4334 MB free)
00:18:08,32.3,549,61% (4331 MB free)
00:18:09,32.3,483,61% (4330 MB free)
00:18:10,32.3,488,61% (4328 MB free)
00:18:11,32.3,521,61% (4327 MB free)
00:18:12,32.3,490,61% (4325 MB free)
00:18:13,32.3,515,61% (4325 MB free)
00:18:14,32.3,490,61% (4321 MB free)
00:18:15,32.3,497,61% (4318 MB free)
00:18:16,32.3,412,62% (4315 MB free)
00:18:18,32.3,469,61% (4316 MB free)
00:18:19,32.3,514,61% (4316 MB free)
00:18:20,32.3,531,61% (4326 MB free)
00:18:21,32.3,558,61% (4321 MB free)
00:18:22,32.3,460,61% (4320 MB free)
00:18:23,32.3,497,61% (4326 MB free)
00:18:24,32.3,508,61% (4324 MB free)
00:18:25,32.3,383,61% (4331 MB free)
00:18:26,32.3,471,61% (4328 MB free)
00:18:27,32.3,487,61% (4325 MB free)
00:18:28,32.3,490,61% (4323 MB free)
00:18:29,32.3,505,61% (4322 MB free)
00:18:30,32.3,505,61% (4321 MB free)
00:18:31,32.3,471,61% (4319 MB free)
00:18:32,32.3,595,61% (4317 MB free)
00:18:33,32.3,479,61% (4323 MB free)
00:18:34,32.3,526,61% (4316 MB free)
00:18:35,32.3,335,62% (4313 MB free)
00:18:36,32.3,476,62% (4314 MB free)
00:18:37,32.3,542,62% (4312 MB free)
00:18:38,32.3,531,62% (4311 MB free)
00:18:39,32.3,581,62% (4308 MB free)
00:18:40,32.3,435,62% (4306 MB free)
00:18:41,32.3,486,62% (4305 MB free)
00:18:42,32.3,613,62% (4304 MB free)
00:18:43,32.5,485,62% (4310 MB free)
00:18:44,32.5,545,62% (4307 MB free)
00:18:45,32.5,429,62% (4313 MB free)
00:18:46,32.5,507,62% (4308 MB free)
00:18:47,32.5,472,62% (4307 MB free)
00:18:48,32.5,604,62% (4305 MB free)
00:18:49,32.5,519,62% (4302 MB free)
00:18:50,32.5,420,62% (4300 MB free)
00:18:51,32.5,495,62% (4298 MB free)
00:18:52,32.5,483,62% (4295 MB free)
00:18:53,32.5,517,62% (4294 MB free)
00:18:54,32.5,478,62% (4281 MB free)
00:18:55,32.5,473,62% (4279 MB free)
00:18:56,32.5,538,62% (4277 MB free)
00:18:57,32.5,480,62% (4276 MB free)
00:18:58,32.5,577,62% (4273 MB free)
00:18:59,32.5,385,61% (4335 MB free)
00:19:00,32.5,449,61% (4343 MB free)
00:19:01,32.5,418,61% (4341 MB free)
00:19:02,32.5,527,61% (4340 MB free)
00:19:03,32.5,488,61% (4338 MB free)
00:19:04,32.5,481,61% (4336 MB free)
00:19:05,32.5,571,61% (4335 MB free)
00:19:06,32.5,529,61% (4334 MB free)
00:19:07,32.5,559,61% (4340 MB free)
00:19:08,32.5,598,61% (4334 MB free)
00:19:09,32.5,486,61% (4332 MB free)
00:19:10,32.5,541,61% (4340 MB free)
00:19:11,32.5,507,61% (4335 MB free)
00:19:12,32.5,477,61% (4333 MB free)
00:19:13,32.5,558,61% (4332 MB free)
00:19:14,32.5,549,61% (4330 MB free)
00:19:15,32.5,528,61% (4329 MB free)
00:19:16,32.5,502,61% (4326 MB free)
00:19:17,32.5,555,61% (4321 MB free)
00:19:18,32.5,551,61% (4320 MB free)
00:19:19,32.5,533,61% (4327 MB free)
00:19:20,32.5,512,61% (4322 MB free)
00:19:21,32.5,593,61% (4321 MB free)
00:19:22,32.5,489,61% (4320 MB free)
00:19:23,32.5,529,61% (4319 MB free)
00:19:24,32.5,519,61% (4316 MB free)
00:19:25,32.5,541,62% (4314 MB free)
00:19:26,32.5,470,62% (4313 MB free)
00:19:27,32.5,471,62% (4312 MB free)
00:19:29,32.5,508,62% (4311 MB free)
00:19:30,32.5,507,62% (4309 MB free)
00:19:31,32.5,462,62% (4308 MB free)
00:19:32,32.5,522,62% (4314 MB free)
00:19:33,32.5,475,62% (4311 MB free)
00:19:34,32.5,489,62% (4309 MB free)
00:19:35,32.5,491,62% (4312 MB free)
00:19:36,32.5,481,62% (4311 MB free)
00:19:37,32.5,469,62% (4310 MB free)
00:19:38,32.5,542,62% (4308 MB free)
00:19:39,32.5,475,62% (4294 MB free)
00:19:40,32.5,491,62% (4300 MB free)
00:19:41,32.5,496,62% (4298 MB free)
00:19:42,32.5,511,62% (4296 MB free)
00:19:43,32.5,374,62% (4294 MB free)
00:19:44,32.5,476,62% (4291 MB free)
00:19:45,32.5,507,62% (4289 MB free)
00:19:46,32.5,480,62% (4288 MB free)
00:19:47,32.5,628,62% (4287 MB free)
00:19:48,32.5,476,62% (4284 MB free)
00:19:49,32.5,482,62% (4283 MB free)
00:19:50,32.5,492,62% (4281 MB free)
00:19:51,32.5,472,62% (4279 MB free)
00:19:52,32.5,488,62% (4277 MB free)
00:19:53,32.5,498,62% (4276 MB free)
00:19:54,32.5,473,62% (4273 MB free)
00:19:55,32.5,402,62% (4278 MB free)
00:19:56,32.5,470,62% (4275 MB free)
00:19:57,32.5,504,62% (4273 MB free)
00:19:58,32.5,551,62% (4272 MB free)
00:19:59,32.5,472,62% (4270 MB free)
00:20:00,32.5,465,62% (4269 MB free)
00:20:01,32.5,491,62% (4266 MB free)
00:20:02,32.5,541,62% (4264 MB free)
00:20:03,32.5,491,62% (4262 MB free)
00:20:04,32.5,484,62% (4270 MB free)
00:20:05,32.5,580,62% (4266 MB free)
00:20:06,32.5,478,62% (4264 MB free)
00:20:07,32.5,417,62% (4262 MB free)
00:20:08,32.5,532,62% (4268 MB free)
00:20:09,32.5,516,62% (4265 MB free)
00:20:10,32.5,498,62% (4263 MB free)
00:20:11,32.5,471,62% (4270 MB free)
00:20:12,32.5,516,62% (4268 MB free)
00:20:13,32.5,506,62% (4267 MB free)
00:20:14,32.5,577,62% (4264 MB free)
00:20:15,32.5,576,62% (4261 MB free)
00:20:16,32.5,491,62% (4259 MB free)
00:20:17,32.5,480,62% (4257 MB free)
00:20:18,32.5,535,62% (4256 MB free)
00:20:19,32.5,487,62% (4254 MB free)
00:20:20,32.5,501,62% (4245 MB free)
00:20:21,32.5,709,62% (4244 MB free)
00:20:22,32.5,723,62% (4244 MB free)
00:20:23,32.5,705,62% (4244 MB free)
00:20:24,32.5,738,62% (4243 MB free)
00:20:25,32.5,745,62% (4242 MB free)
00:20:26,32.5,718,62% (4241 MB free)
00:20:27,32.5,765,62% (4241 MB free)
00:20:28,32.5,581,62% (4239 MB free)
00:20:29,32.5,712,62% (4238 MB free)
00:20:30,32.5,774,62% (4238 MB free)
00:20:31,32.5,792,62% (4237 MB free)
00:20:32,32.5,731,62% (4286 MB free)
00:20:33,32.5,718,62% (4296 MB free)
00:20:34,32.5,732,62% (4294 MB free)
00:20:35,32.5,725,62% (4293 MB free)
00:20:36,32.5,673,62% (4289 MB free)
00:20:37,32.5,749,62% (4288 MB free)
00:20:38,32.5,730,62% (4285 MB free)
00:20:39,32.5,684,61% (4347 MB free)
00:20:40,32.5,770,61% (4347 MB free)
00:20:42,32.5,721,61% (4345 MB free)
00:20:43,32.5,729,61% (4344 MB free)
00:20:44,32.5,762,61% (4343 MB free)
00:20:45,32.5,778,61% (4342 MB free)
00:20:46,32.5,731,61% (4341 MB free)
00:20:47,32.5,729,61% (4339 MB free)
00:20:48,32.5,775,61% (4338 MB free)
00:20:49,32.5,741,61% (4335 MB free)
00:20:50,32.5,744,61% (4332 MB free)
00:20:51,32.5,582,61% (4330 MB free)
00:20:52,32.5,785,61% (4330 MB free)
00:20:53,32.5,719,61% (4329 MB free)
00:20:54,32.5,725,61% (4327 MB free)
00:20:55,32.5,731,61% (4327 MB free)
00:20:56,32.5,777,61% (4326 MB free)
00:20:57,32.5,733,61% (4324 MB free)
00:20:58,32.5,673,61% (4322 MB free)
00:20:59,32.5,758,61% (4322 MB free)
00:21:00,32.5,708,61% (4320 MB free)
00:21:01,32.5,645,61% (4319 MB free)
00:21:02,32.5,721,61% (4318 MB free)
00:21:03,32.5,707,62% (4315 MB free)
00:21:04,32.5,719,62% (4315 MB free)
00:21:05,32.5,726,62% (4314 MB free)
00:21:06,32.5,741,62% (4314 MB free)
00:21:07,32.5,743,61% (4320 MB free)
00:21:08,32.3,692,61% (4358 MB free)
00:21:09,32.3,511,61% (4343 MB free)
00:21:10,32.3,639,61% (4341 MB free)
00:21:11,32.3,699,61% (4341 MB free)
00:21:12,32.3,717,61% (4340 MB free)
00:21:13,32.3,736,61% (4339 MB free)
00:21:14,32.3,760,61% (4338 MB free)
00:21:15,32.3,700,61% (4337 MB free)
00:21:16,32.3,717,61% (4335 MB free)
00:21:17,32.3,726,61% (4333 MB free)
00:21:18,32.3,680,61% (4332 MB free)
00:21:19,32.3,722,61% (4331 MB free)
00:21:20,32.3,764,61% (4330 MB free)
00:21:21,32.3,728,61% (4329 MB free)
00:21:22,32.3,784,61% (4327 MB free)
00:21:23,32.3,720,61% (4326 MB free)
00:21:24,32.3,698,61% (4325 MB free)
00:21:25,32.3,785,61% (4322 MB free)
00:21:26,32.3,752,61% (4318 MB free)
00:21:27,32.3,704,61% (4316 MB free)
00:21:28,32.3,784,62% (4301 MB free)
00:21:29,32.3,617,62% (4299 MB free)
00:21:30,32.3,717,62% (4298 MB free)
00:21:31,32.3,788,62% (4288 MB free)
00:21:32,32.3,684,62% (4271 MB free)
00:21:33,32.3,679,62% (4271 MB free)
00:21:34,32.3,721,62% (4269 MB free)
00:21:35,32.3,726,62% (4285 MB free)
00:21:36,32.3,726,62% (4285 MB free)
00:21:37,32.3,702,62% (4285 MB free)
00:21:38,32.3,781,62% (4278 MB free)
00:21:39,32.3,355,62% (4274 MB free)
00:21:40,32.3,703,62% (4250 MB free)
00:21:41,32.3,695,62% (4249 MB free)
00:21:42,32.3,739,62% (4248 MB free)
00:21:43,32.2,688,61% (4319 MB free)
00:21:44,32.2,673,61% (4318 MB free)
00:21:45,32.2,733,61% (4318 MB free)
00:21:46,32.2,718,61% (4317 MB free)
00:21:47,32.2,737,61% (4316 MB free)
00:21:48,32.2,696,62% (4315 MB free)
00:21:49,32.2,703,62% (4314 MB free)
00:21:50,32.2,608,62% (4314 MB free)
00:21:51,32.2,642,62% (4313 MB free)
00:21:52,32.2,724,62% (4310 MB free)
00:21:53,32.2,732,62% (4308 MB free)
00:21:54,32.2,705,62% (4306 MB free)
00:21:56,32.2,661,62% (4306 MB free)
00:21:57,32.2,726,62% (4305 MB free)
00:21:58,32.2,729,62% (4312 MB free)
00:21:59,32.2,765,62% (4311 MB free)
00:22:00,32.2,690,62% (4311 MB free)
00:22:01,32.2,707,62% (4310 MB free)
00:22:02,32.2,522,62% (4305 MB free)
00:22:03,32.2,681,62% (4303 MB free)
00:22:04,32.2,653,62% (4301 MB free)
00:22:05,32.2,687,62% (4300 MB free)
00:22:06,32.2,689,62% (4298 MB free)
00:22:07,32.2,716,62% (4298 MB free)
00:22:08,32.2,705,62% (4297 MB free)
00:22:09,32.2,786,62% (4297 MB free)
00:22:10,32.2,644,62% (4296 MB free)
00:22:11,32.2,680,62% (4296 MB free)
00:22:12,32.2,789,62% (4295 MB free)
00:22:13,32.2,742,62% (4294 MB free)
00:22:14,32.2,699,62% (4293 MB free)
00:22:15,32.2,750,62% (4291 MB free)
00:22:16,32.2,690,62% (4290 MB free)
00:22:17,32.2,718,62% (4290 MB free)
00:22:18,32.2,793,62% (4289 MB free)
00:22:19,32.2,664,62% (4289 MB free)
00:22:20,32.2,632,62% (4288 MB free)
00:22:21,32.2,713,62% (4287 MB free)
00:22:22,32.2,712,62% (4287 MB free)
00:22:23,32.2,709,62% (4286 MB free)
00:22:24,32.2,718,62% (4284 MB free)
00:22:25,32.2,649,62% (4282 MB free)
00:22:26,32.2,655,62% (4282 MB free)
00:22:27,32.2,731,62% (4282 MB free)
00:22:28,32.2,761,62% (4281 MB free)
00:22:29,32.2,672,62% (4279 MB free)
00:22:30,32.2,718,62% (4278 MB free)
00:22:31,32.2,756,62% (4278 MB free)
00:22:32,32.2,706,62% (4277 MB free)
00:22:33,32.2,759,62% (4275 MB free)
00:22:34,32.2,623,62% (4275 MB free)
00:22:35,32.2,631,62% (4274 MB free)
00:22:36,32.2,770,62% (4274 MB free)
00:22:37,32.2,750,62% (4273 MB free)
00:22:38,31.9,716,62% (4271 MB free)
00:22:39,31.9,678,62% (4270 MB free)
00:22:40,31.9,656,62% (4270 MB free)
00:22:41,31.9,709,62% (4269 MB free)
00:22:42,31.9,760,62% (4269 MB free)
00:22:43,31.9,759,62% (4268 MB free)
00:22:44,31.9,703,62% (4267 MB free)
00:22:45,31.9,716,62% (4266 MB free)
00:22:46,31.9,701,62% (4264 MB free)
00:22:47,31.9,727,62% (4264 MB free)
00:22:48,31.9,689,62% (4262 MB free)
00:22:49,31.9,658,62% (4262 MB free)
00:22:50,31.9,642,62% (4261 MB free)
00:22:51,31.9,723,62% (4261 MB free)
00:22:52,31.9,738,62% (4260 MB free)
00:22:53,31.9,681,62% (4259 MB free)
00:22:54,31.9,671,62% (4258 MB free)
00:22:55,31.9,691,62% (4258 MB free)
00:22:56,31.9,689,62% (4266 MB free)
00:22:57,31.9,718,62% (4264 MB free)
00:22:58,31.9,696,62% (4261 MB free)
00:22:59,31.9,697,62% (4260 MB free)
00:23:00,31.9,740,62% (4259 MB free)
00:23:01,31.9,758,62% (4259 MB free)
00:23:02,31.9,727,62% (4258 MB free)
00:23:03,31.9,633,62% (4257 MB free)
00:23:04,31.9,675,62% (4260 MB free)
00:23:05,31.9,672,62% (4259 MB free)
00:23:06,31.9,726,62% (4257 MB free)
00:23:07,31.9,759,62% (4256 MB free)
00:23:08,31.9,682,62% (4256 MB free)
00:23:09,31.9,712,62% (4254 MB free)
00:23:10,31.9,751,62% (4254 MB free)
00:23:11,31.9,722,62% (4254 MB free)
00:23:13,31.9,751,62% (4253 MB free)
00:23:14,31.9,717,62% (4252 MB free)
00:23:15,31.9,732,62% (4251 MB free)
00:23:16,31.9,715,62% (4251 MB free)
00:23:17,31.9,718,62% (4250 MB free)
00:23:18,31.9,790,62% (4248 MB free)
00:23:19,31.9,729,62% (4248 MB free)
00:23:20,31.9,760,62% (4247 MB free)
00:23:21,31.9,711,62% (4247 MB free)
00:23:22,31.9,772,62% (4246 MB free)
00:23:23,31.9,731,62% (4245 MB free)
00:23:24,31.9,726,62% (4245 MB free)
00:23:25,31.9,770,62% (4242 MB free)
00:23:26,31.9,723,62% (4238 MB free)
00:23:27,31.9,721,62% (4236 MB free)
00:23:28,31.9,706,62% (4234 MB free)
00:23:29,31.9,734,62% (4234 MB free)
00:23:30,31.9,725,62% (4234 MB free)
00:23:31,31.9,787,62% (4233 MB free)
00:23:32,31.9,713,62% (4232 MB free)
00:23:33,31.9,703,62% (4232 MB free)
00:23:34,31.9,788,62% (4230 MB free)
00:23:35,31.9,730,62% (4229 MB free)
00:23:36,31.9,747,62% (4228 MB free)
00:23:37,31.9,815,62% (4226 MB free)
00:23:38,31.9,728,62% (4274 MB free)
00:23:39,31.9,768,62% (4273 MB free)
00:23:40,31.9,726,62% (4273 MB free)
00:23:41,31.9,731,62% (4306 MB free)
00:23:42,31.9,800,62% (4303 MB free)
00:23:43,31.6,772,62% (4297 MB free)
00:23:44,31.6,714,62% (4292 MB free)
00:23:45,31.6,788,62% (4292 MB free)
00:23:46,31.6,701,62% (4292 MB free)
00:23:47,31.6,729,62% (4290 MB free)
00:23:48,31.6,727,62% (4288 MB free)
00:23:49,31.6,767,62% (4287 MB free)
00:23:50,31.6,727,62% (4286 MB free)
